<?xml version="1.0" encoding="utf-8" ?>
<styles>
	<!-- background container of window -->
	<window>
		<style>Bgs1</style>
		<substyle>BgWindow1</substyle>
		<blackcolor>$ffc</blackcolor>
	</window>

	<!-- background container and text font of header -->
	<header>
		<style>Bgs1</style>
		<substyle>BgCardList</substyle>
		<textsize>0.07</textsize>
		<textstyle>TextValueMedium</textstyle>
	</header>

	<!-- background container and text font of body -->
	<body>
		<style>Bgs1</style>
		<substyle>BgButtonGrayed</substyle>
		<textsize>0.04</textsize>
		<textstyle>TextCardSmallScores2</textstyle>
	</body>

	<!-- button container in body -->
	<button>
		<style>BgsPlayerCard</style>
		<substyle>BgCard</substyle>
	</button>
</styles>
