<?xml version="1.0" encoding="utf-8" ?>
<styles>
	<!-- background container of window -->
	<window>
		<style>BgsPlayerCard</style>
		<substyle>BgMediaTracker</substyle>
		<blackcolor>$000</blackcolor>
	</window>

	<!-- background container and text font of header -->
	<header>
		<style>BgsPlayerCard</style>
		<substyle>BgMediaTracker</substyle>
		<textsize>0.07</textsize>
		<textstyle>TextCardMedium</textstyle>
	</header>

	<!-- background container and text font of body -->
	<body>
		<style>BgsPlayerCard</style>
		<substyle>BgMediaTracker</substyle>
		<textsize>0.04</textsize>
		<textstyle>TextStaticSmall</textstyle>
	</body>

	<!-- button container in body -->
	<button>
		<style>BgsPlayerCard</style>
		<substyle>BgCard</substyle>
	</button>
</styles>
