<?xml version="1.0" encoding="windows-1250"?>
<callbacks>
 <single_callbacks>
   <callback>
     <name>playerDeath</name>
     <database>Deaths</database>    
     <mincnt_players>0</mincnt_players>     
   </callback> 
 </single_callbacks>
 
 <multi_callbacks>
    <callback>
     <name>playerHit</name>     
     <mincnt_players>3</mincnt_players>   
     <index>
        <id>1</id>
        <name>Victim</name>        
        <database>GotHits</database>                
     </index> 
     <index>
        <id>2</id>
        <name>Shooter</name>            
        <database>Hits</database>                
     </index> 
     <index>
         <id>3</id>
         <name>Points</name>
         <database>0</database>                         
     </index>                 
    </callback>     
 </multi_callbacks>  
 
</callbacks>
