<manialink id="3"><frame posn="-12.1 44.2 0">
<quad sizen="23 4.2" style="%STYLE%" substyle="%SUBST%"/>
<quad posn="1 -0.6 2" sizen="3 3" style="Icons64x64_1" substyle="ClipRewind" action="21"/>
<quad posn="4 -0.6 2" sizen="3 3" style="Icons64x64_1" substyle="ClipPause" action="22"/>
<quad posn="7 -0.6 2" sizen="3 3" style="Icons64x64_1" substyle="ClipPlay" action="23"/>
<quad posn="10 -0.6 2" sizen="3 3.1" style="Icons64x64_1" substyle="Refresh" action="24"/>
<quad posn="13 -0.1 2" sizen="3.5 4" style="Icons64x64_1" substyle="ArrowGreen" action="25"/>
<quad posn="16 -0.1 2" sizen="3.5 4" style="Icons64x64_1" substyle="ArrowRed" action="26"/>
<quad posn="19.2 -0.2 2" sizen="3 3.5" style="Icons64x64_1" substyle="Buddy" action="27"/>
</frame></manialink>
