<manialink id="6"><frame posn="-64.8 -4.5 0">
<quad sizen="7.7 19.5" style="%STYLE%" substyle="%SUBST%"/>
<label posn="1 -0.8 2" style="TextCardSmallScores2Rank" text="$f6fDonate:"/>
<format style="TextCardSmallScores2"/>
<label posn="6.5 -3.5 2" sizen="3.8 2" halign="right" text="%COP1% P" action="30"/>
<label posn="6.5 -5.7 2" sizen="3.8 2" halign="right" text="%COP2% P" action="31"/>
<label posn="6.5 -7.9 2" sizen="4.8 2" halign="right" text="%COP3% P" action="32"/>
<label posn="6.5 -10.1 2" sizen="4.8 2" halign="right" text="%COP4% P" action="33"/>
<label posn="6.5 -12.3 2" sizen="4.8 2" halign="right" text="%COP5% P" action="34"/>
<label posn="6.5 -14.5 2" sizen="5.8 2" halign="right" text="%COP6% P" action="35"/>
<label posn="6.5 -16.7 2" sizen="5.8 2" halign="right" text="%COP7% P" action="36"/>
</frame></manialink>
