<manialink id="6"><frame posn="7.8 -45.6 0">
<quad sizen="37 2.5" style="%STYLE%" substyle="%SUBST%"/>
<quad posn="1 -0.3 2" sizen="2 2" style="Icons128x128_1" substyle="Coppers"/>
<label posn="4 -0.6 2" textsize="1" textcolor="dddf" text="$f6fDonate:"/>
<format textsize="1" textcolor="ffff"/>
<label posn="10 -0.6 2" sizen="2.5 1.5" halign="center" text="%COP1% P" action="30"/>
<label posn="13.3 -0.6 2" sizen="2.5 1.5" halign="center" text="%COP2% P" action="31"/>
<label posn="17 -0.6 2" sizen="3 1.5" halign="center" text="%COP3% P" action="32"/>
<label posn="21 -0.6 2" sizen="3 1.5" halign="center" text="%COP4% P" action="33"/>
<label posn="25 -0.6 2" sizen="3 1.5" halign="center" text="%COP5% P" action="34"/>
<label posn="29.3 -0.6 2" sizen="4 1.5" halign="center" text="%COP6% P" action="35"/>
<label posn="34 -0.6 2" sizen="4 1.5" halign="center" text="%COP7% P" action="36"/>
</frame></manialink>
